,iter,n_resources,mean_fit_time,std_fit_time,mean_score_time,std_score_time,param_learning_rate,param_max_depth,param_min_samples_split,param_n_estimators,params,split0_test_score,split1_test_score,split2_test_score,mean_test_score,std_test_score,rank_test_score,split0_train_score,split1_train_score,split2_train_score,mean_train_score,std_train_score
0,0,100,4.150197426478068,0.047556391249308314,0.015003681182861328,0.0024328855420923706,0.5488180157922855,3,2,100,"{'learning_rate': 0.5488180157922855, 'max_depth': 3, 'min_samples_split': 2, 'n_estimators': 100}",0.6860498426819089,0.6908357487311276,0.6866274181473964,0.6878376698534776,0.0021330347820326333,42,0.7350656886919618,0.7335455746917274,0.7348028757509586,0.7344713797115493,0.0006633771484031082
1,0,100,6.715426445007324,0.043456128007268065,0.02434571584065755,0.002415223624397854,0.6027673484378832,5,9,100,"{'learning_rate': 0.6027673484378832, 'max_depth': 5, 'min_samples_split': 9, 'n_estimators': 100}",0.6597195137920627,0.6675137177595575,0.6605902632842242,0.6626078316119481,0.0034871516876962085,92,0.8216088790181839,0.815592705995819,0.8207248830128272,0.8193088226756101,0.002652358022306125
2,0,100,4.099731683731079,0.01912098424302771,0.01291044553120931,0.000789493772309014,0.42366056279091135,3,20,100,"{'learning_rate': 0.42366056279091135, 'max_depth': 3, 'min_samples_split': 20, 'n_estimators': 100}",0.6892353739036956,0.6960998144902086,0.6935120374752477,0.6929490752897173,0.0028305277432774155,22,0.7294049459678345,0.7264434758598688,0.7286194877292451,0.7281559698523162,0.001252653960402501
3,0,100,5.426404635111491,0.08336049598153253,0.01770130793253581,0.002619462373216431,0.4375928353905799,4,26,100,"{'learning_rate': 0.4375928353905799, 'max_depth': 4, 'min_samples_split': 26, 'n_estimators': 100}",0.6875039527277271,0.6949962701821435,0.6897701354044786,0.6907567861047831,0.003137282785335795,30,0.7604597777177651,0.7574051687882335,0.7620059707772961,0.7599569724277648,0.0019116231506898058
4,0,100,5.4433276653289795,0.03899221488729565,0.02188412348429362,0.003753121662762681,0.9636631238734242,4,3,100,"{'learning_rate': 0.9636631238734242, 'max_depth': 4, 'min_samples_split': 3, 'n_estimators': 100}",0.6326033258568959,0.6490095373123859,0.6408087119654844,0.6408071917115887,0.006697807865958391,96,0.784102073002323,0.7802749783291913,0.7842792339165372,0.7828854284160173,0.0018472833637963445
5,0,100,6.593983332316081,0.020242666667935564,0.030854304631551106,0.0038700188379924786,0.7917271208322838,5,16,100,"{'learning_rate': 0.7917271208322838, 'max_depth': 5, 'min_samples_split': 16, 'n_estimators': 100}",0.6441513033107085,0.6434218918628002,0.6279157013271448,0.6384962988335511,0.007487535996998127,97,0.8285310021404675,0.8221835756843471,0.8253910444253438,0.8253685407500528,0.0025913748558780564
6,0,100,4.120785474777222,0.004461281932752928,0.014555136362711588,0.0016258394674233468,0.5680488806483214,3,27,100,"{'learning_rate': 0.5680488806483214, 'max_depth': 3, 'min_samples_split': 27, 'n_estimators': 100}",0.6873716027036215,0.6949743230060736,0.6856652626643706,0.6893370627913552,0.0040465562419356865,34,0.7338432645532992,0.7318508970882693,0.7326749455893726,0.7327897024103137,0.0008174182425546663
7,0,100,4.124672969182332,0.0276258569898162,0.02112404505411784,0.004554469312172333,0.07104534783730496,3,22,100,"{'learning_rate': 0.07104534783730496, 'max_depth': 3, 'min_samples_split': 22, 'n_estimators': 100}",0.6840673803593715,0.6865524719574891,0.6827757373622307,0.6844651965596972,0.0015672958341650196,63,0.6956301245640906,0.692293212083317,0.6952431723163095,0.6943888363212389,0.0014902267658403517
8,0,100,6.8810657660166425,0.13715607786221673,0.03690520922342936,0.002678284481911397,0.020228195256351316,5,7,100,"{'learning_rate': 0.020228195256351316, 'max_depth': 5, 'min_samples_split': 7, 'n_estimators': 100}",0.6729165426765539,0.6727581857363443,0.6681755485419645,0.6712834256516209,0.002198551693982924,90,0.6871089920789268,0.6834951620205275,0.6872944745242717,0.6859662095412421,0.0017489344987934386
9,0,100,6.623327811559041,0.0841028097185557,0.01883395512898763,0.0003600085983222753,0.778158969382341,5,2,100,"{'learning_rate': 0.778158969382341, 'max_depth': 5, 'min_samples_split': 2, 'n_estimators': 100}",0.6312333796014884,0.6390354269051084,0.6270318981922083,0.6324335682329351,0.004973363379286675,99,0.8339812149522496,0.8347445387018266,0.8353924428009598,0.8347060654850121,0.0005767732954710676
10,0,100,2.797964016596476,0.09688399496654151,0.012923399607340494,0.0009520224795977838,0.9786185560493417,2,19,100,"{'learning_rate': 0.9786185560493417, 'max_depth': 2, 'min_samples_split': 19, 'n_estimators': 100}",0.6819754037090971,0.6827640860924391,0.6773371575004856,0.6806922157673406,0.0023941340753241822,79,0.7073864759554795,0.7039893951005768,0.707972038672344,0.7064493032428002,0.0017557680133354619
11,0,100,6.718826611836751,0.047767174963815495,0.02047872543334961,0.001553882598048942,0.46148474745930934,5,21,100,"{'learning_rate': 0.46148474745930934, 'max_depth': 5, 'min_samples_split': 21, 'n_estimators': 100}",0.6798125506515218,0.6874938900164775,0.6775744348603414,0.6816269585094469,0.004247976346044016,75,0.7987778404765711,0.7991707696913998,0.8031030138111002,0.800350541326357,0.0019528913481327472
12,0,100,2.7797677516937256,0.03528716428756277,0.01236120859781901,0.004633838768049977,0.11828324312467453,2,3,100,"{'learning_rate': 0.11828324312467453, 'max_depth': 2, 'min_samples_split': 3, 'n_estimators': 100}",0.6779327390192071,0.6807955610211056,0.6743794021434371,0.6777025673945832,0.0026244374531770604,84,0.6862480982157946,0.6832278520080823,0.6851813907717237,0.6848857803318668,0.0012506027714437812
13,0,100,6.7823160489400225,0.03213646720277699,0.02381753921508789,0.004748437352965248,0.14336185387617234,5,2,100,"{'learning_rate': 0.14336185387617234, 'max_depth': 5, 'min_samples_split': 2, 'n_estimators': 100}",0.6979666401670153,0.7034033116113394,0.6996952816372509,0.7003550778052019,0.0022680163632293943,1,0.7547282662970765,0.7520134216768324,0.7553571826705365,0.7540329568814818,0.0014509251722757872
14,0,100,2.7719077269236245,0.0402365285192827,0.014063835144042969,0.0041273265754956275,0.5218531032668542,2,25,100,"{'learning_rate': 0.5218531032668542, 'max_depth': 2, 'min_samples_split': 25, 'n_estimators': 100}",0.6853412697397395,0.6860032642501043,0.6795089948271603,0.6836178429390013,0.002917936918163597,68,0.7026688454885603,0.6991548823753659,0.7027640037608174,0.7015292438749144,0.0016793765057502342
15,0,100,6.647316376368205,0.06763609864577631,0.022006511688232422,0.0036196851323854707,0.2645629665485059,5,20,100,"{'learning_rate': 0.2645629665485059, 'max_depth': 5, 'min_samples_split': 20, 'n_estimators': 100}",0.6945254207419851,0.7025184432929659,0.6939730271222952,0.6970056303857488,0.00390466509790988,12,0.7759210404868014,0.7732010907756525,0.7760667087004365,0.7750629466542968,0.0013178733605694038
16,0,100,5.464982986450195,0.010219236350287922,0.01873334248860677,0.0013222475914063962,0.45615577071322644,4,2,100,"{'learning_rate': 0.45615577071322644, 'max_depth': 4, 'min_samples_split': 2, 'n_estimators': 100}",0.6816182783643061,0.6902897890887094,0.6856370970973107,0.6858483881834422,0.003543280730544254,57,0.766500707870237,0.7637005466397125,0.7669108903118362,0.7657040482739287,0.0014265521389183807
17,0,100,4.1461029052734375,0.06663173263325521,0.021457433700561523,0.00030184965979643665,0.018799612538350777,3,7,100,"{'learning_rate': 0.018799612538350777, 'max_depth': 3, 'min_samples_split': 7, 'n_estimators': 100}",0.6377273484919805,0.6329388150899917,0.6288701377182346,0.6331787671000689,0.003619919741098801,98,0.6377841431696619,0.6362346514552372,0.6390986426711859,0.6377058124320283,0.0011705307057346584
18,0,100,2.768943707148234,0.046010931468100195,0.014498631159464518,0.004071288863243678,0.6120996017651942,2,19,100,"{'learning_rate': 0.6120996017651942, 'max_depth': 2, 'min_samples_split': 19, 'n_estimators': 100}",0.6844057778178354,0.6864537122407697,0.6824946136205513,0.6844513678930522,0.0016166166959368058,64,0.7058452876972774,0.7013829396580733,0.7038148954802406,0.703681040945197,0.0018242030740684046
19,0,100,4.099552392959595,0.030604965919359323,0.013929049173990885,0.0006697947344123517,0.943748641033839,3,12,100,"{'learning_rate': 0.943748641033839, 'max_depth': 3, 'min_samples_split': 12, 'n_estimators': 100}",0.673071980092149,0.6756678314357653,0.6680366897178471,0.6722588337485872,0.0031680158050714324,89,0.742356611227228,0.7378459731555792,0.7401421182476378,0.7401149008768151,0.001841560849263051
20,0,100,2.8016792933146157,0.0414224974028777,0.010972261428833008,0.0025565272154229545,0.3595143054947803,2,3,100,"{'learning_rate': 0.3595143054947803, 'max_depth': 2, 'min_samples_split': 3, 'n_estimators': 100}",0.6833636798017229,0.6881432013123114,0.6809629059897526,0.6841565957012623,0.0029844817470371463,65,0.699557598956533,0.6964356116703163,0.6983083772834516,0.6981005293034337,0.0012829917487193383
21,0,100,4.1099090576171875,0.03279711366283196,0.01355759302775065,0.001272123452909886,0.6976342196153056,3,27,100,"{'learning_rate': 0.6976342196153056, 'max_depth': 3, 'min_samples_split': 27, 'n_estimators': 100}",0.6806639073430517,0.6908793843712056,0.6851644843509256,0.6855692586883942,0.004180261110376529,59,0.7387313025864802,0.7335224136461552,0.7378594006007957,0.7367043722778104,0.002277966756903143
22,0,100,6.687241713205974,0.06128866992802224,0.024182637532552082,0.005506518573429429,0.6667700477785132,5,13,100,"{'learning_rate': 0.6667700477785132, 'max_depth': 5, 'min_samples_split': 13, 'n_estimators': 100}",0.6546613901282705,0.6596576005944514,0.6465352303234082,0.6536180736820434,0.005407743354845645,94,0.8216324766862508,0.8208217002451103,0.8235126536247315,0.8219889435186974,0.0011271228784829823
23,0,100,6.75589378674825,0.049200222892900373,0.019757906595865887,0.001133751521554153,0.2103904572482302,5,2,100,"{'learning_rate': 0.2103904572482302, 'max_depth': 5, 'min_samples_split': 2, 'n_estimators': 100}",0.6979467619805144,0.7009818511247591,0.6979359440356485,0.6989548523803073,0.0014333113617283784,4,0.7711880642307454,0.7679345601560594,0.7729903658531675,0.7707043300799907,0.002092174603641276
24,0,100,4.0760806401570635,0.05486030587847896,0.013444979985555014,0.0016080302493792873,0.31543519664067465,3,14,100,"{'learning_rate': 0.31543519664067465, 'max_depth': 3, 'min_samples_split': 14, 'n_estimators': 100}",0.6907314560175271,0.6983530969331238,0.6926622264084574,0.6939155931197027,0.0032352793435516335,20,0.7230924837213677,0.7191720910968,0.7221450615457208,0.7214698787879629,0.0016701843012017895
25,0,100,2.748353640238444,0.040198088576926555,0.01129301389058431,0.0004382278907870963,0.5702010684501755,2,13,100,"{'learning_rate': 0.5702010684501755, 'max_depth': 2, 'min_samples_split': 13, 'n_estimators': 100}",0.6858394882096858,0.6874845244063121,0.6843885411015606,0.6859041845725194,0.0012647575183536344,56,0.7045002552005817,0.7008942208640537,0.7037521685104293,0.7030488815250217,0.0015538833819257654
26,0,100,2.7915494441986084,0.028181390730988368,0.010575294494628906,0.001740885087159786,0.9883739543208456,2,17,100,"{'learning_rate': 0.9883739543208456, 'max_depth': 2, 'min_samples_split': 17, 'n_estimators': 100}",0.6816395960090491,0.682587556798757,0.6784536271307506,0.6808935933128523,0.0017681880823893549,77,0.7070648983492847,0.7051078555649701,0.708618214851093,0.7069303229217826,0.001436254037112465
27,0,100,6.687203327814738,0.05006711207831998,0.0234683354695638,0.005282082474311807,0.20888466732727376,5,14,100,"{'learning_rate': 0.20888466732727376, 'max_depth': 5, 'min_samples_split': 14, 'n_estimators': 100}",0.6972641986116851,0.7049555336302933,0.6955738342461866,0.6992645221627217,0.004082894525950978,3,0.7671130984597734,0.765661935781679,0.7673097476533797,0.7666949272982774,0.0007348339183605422
28,0,100,2.794637600580851,0.046033994685190635,0.009796778361002604,0.0008890256875070462,0.6531117943821437,2,16,100,"{'learning_rate': 0.6531117943821437, 'max_depth': 2, 'min_samples_split': 16, 'n_estimators': 100}",0.685957833967042,0.6873226069405808,0.6834404483089936,0.685573629738872,0.0016080005341850977,58,0.7061139144360786,0.7036154258679999,0.704752242281699,0.7048271941952592,0.0010213796627486526
29,0,100,6.682070016860962,0.09790731082886496,0.0203402837117513,0.002974414451462492,0.46631610974857773,5,28,100,"{'learning_rate': 0.46631610974857773, 'max_depth': 5, 'min_samples_split': 28, 'n_estimators': 100}",0.6815865992548913,0.688992775969959,0.6805406292805929,0.683706668168481,0.0037621549731873907,67,0.7979148211701044,0.7974081364728662,0.8004120563159902,0.7985783379863203,0.0013130307257205795
30,0,100,4.087451299031575,0.006762152321159875,0.016865650812784832,0.0027313878709315977,0.1589779939496833,3,23,100,"{'learning_rate': 0.1589779939496833, 'max_depth': 3, 'min_samples_split': 23, 'n_estimators': 100}",0.6897684208399514,0.6943193560353675,0.6882515718781447,0.6907797829178212,0.0025783251778465376,29,0.7083080148183021,0.7060323794858225,0.7083700517105236,0.7075701486715493,0.0010876619252406883
31,0,100,4.12856928507487,0.021091548201774973,0.015148242314656576,0.0019759298382543053,0.6563330261693787,3,7,100,"{'learning_rate': 0.6563330261693787, 'max_depth': 3, 'min_samples_split': 7, 'n_estimators': 100}",0.6835241778485148,0.6915348796913638,0.6844454724117994,0.6865015099838927,0.0035789480649254636,51,0.7373878113651049,0.7330826507376589,0.7386239202988292,0.7363647941338644,0.0023750565297061114
32,0,100,2.760394255320231,0.041585104525467695,0.01112214724222819,0.0015437431019463739,0.19659039585643673,2,7,100,"{'learning_rate': 0.19659039585643673, 'max_depth': 2, 'min_samples_split': 7, 'n_estimators': 100}",0.681194107754149,0.6857137596333405,0.6783821599117678,0.6817633424330857,0.0030200562587606897,73,0.6916274124409041,0.6893501254866992,0.6921087954143066,0.6910287777806365,0.00120314519343443
33,0,100,4.169069051742554,0.07246210460614456,0.026109615961710613,0.0011976133369336229,0.013581499895753713,3,20,100,"{'learning_rate': 0.013581499895753713, 'max_depth': 3, 'min_samples_split': 20, 'n_estimators': 100}",0.5952602121658523,0.5892257694055647,0.5861471181890834,0.5902110332535001,0.003785074115953529,101,0.5934133326163575,0.592856663883555,0.5956703022834084,0.5939800995944403,0.0012165686353747414
34,0,100,2.7956483364105225,0.021769851338803943,0.0097047487894694,0.0009327337925999009,0.673662894239481,2,5,100,"{'learning_rate': 0.673662894239481, 'max_depth': 2, 'min_samples_split': 5, 'n_estimators': 100}",0.6852923690401169,0.6864935623678193,0.6820438137575315,0.6846099150551558,0.0018796051455702773,62,0.7068680894835289,0.7021011733038345,0.7054379912350082,0.7048024180074571,0.001997304427095464
35,0,100,4.116280555725098,0.04068579971126083,0.014385302861531576,0.0005901558777915162,0.4686565151356851,3,18,100,"{'learning_rate': 0.4686565151356851, 'max_depth': 3, 'min_samples_split': 18, 'n_estimators': 100}",0.688338524282425,0.6945370412359446,0.691012632502676,0.6912960660070153,0.0025384580646925464,27,0.7313428642098354,0.7281494436693876,0.7285291892401868,0.7293404990398032,0.001424348126981542
36,0,100,4.087314923604329,0.06081760461972329,0.012580394744873047,0.0020023385611738476,0.6048494712898485,3,2,100,"{'learning_rate': 0.6048494712898485, 'max_depth': 3, 'min_samples_split': 2, 'n_estimators': 100}",0.6857608561713255,0.6887028204792704,0.6840890659324641,0.6861842475276867,0.001907201778352266,54,0.73698018260078,0.7328830384675268,0.7352955717529099,0.7350529309404056,0.0016814286455437114
37,0,100,6.685404539108276,0.009987192724813444,0.020128488540649414,0.0010575706571545847,0.4417165041396329,5,28,100,"{'learning_rate': 0.4417165041396329, 'max_depth': 5, 'min_samples_split': 28, 'n_estimators': 100}",0.6873930670882693,0.6884238670203837,0.6824056827461236,0.6860742056182589,0.002627950046778747,55,0.7944980083354727,0.7940087678683231,0.7989774045487161,0.7958280602508373,0.0022358616815612155
38,0,100,6.700046380360921,0.022719358367003638,0.026332934697469074,0.0037574925465369783,0.35945086952468186,5,4,100,"{'learning_rate': 0.35945086952468186, 'max_depth': 5, 'min_samples_split': 4, 'n_estimators': 100}",0.6880589148408536,0.6932592901285811,0.6829727918662397,0.6880969989452247,0.004199531674249919,39,0.7978109990449471,0.7956646586410818,0.7975749311264275,0.7970168629374855,0.0009609975233918639
39,0,100,5.427768150965373,0.05036913087987638,0.02396392822265625,0.0013423285443811437,0.6886642961939423,4,5,100,"{'learning_rate': 0.6886642961939423, 'max_depth': 4, 'min_samples_split': 5, 'n_estimators': 100}",0.6701970474417364,0.6758643214860399,0.6656526198717754,0.6705713295998507,0.004177301985341355,91,0.7804346300623665,0.775119498353252,0.7806749286091581,0.7787430190082588,0.002564093381144496
40,0,100,6.673381646474202,0.11238031673595177,0.024269978205362957,0.002385731270351096,0.918236284007481,5,20,100,"{'learning_rate': 0.918236284007481, 'max_depth': 5, 'min_samples_split': 20, 'n_estimators': 100}",0.6205054882246848,0.6221563225577886,0.6121710652972354,0.6182776253599029,0.004370268515630216,100,0.8306009328386168,0.8254481344807955,0.8282400054245574,0.8280963575813232,0.0021060719766492564
41,0,100,2.785433053970337,0.04572723319288393,0.009355624516805014,0.0006146962203954487,0.5651932147162093,2,19,100,"{'learning_rate': 0.5651932147162093, 'max_depth': 2, 'min_samples_split': 19, 'n_estimators': 100}",0.6874422252933402,0.68691120872618,0.6802790568990875,0.6848774969728693,0.003258806835102972,60,0.7042848677005173,0.7006622176028134,0.7033658599493562,0.7027709817508957,0.0015375973651233193
42,0,100,5.3763119379679365,0.09391872839059885,0.01649634043375651,0.002090683646000847,0.5089738709774078,4,11,100,"{'learning_rate': 0.5089738709774078, 'max_depth': 4, 'min_samples_split': 11, 'n_estimators': 100}",0.684708909377662,0.6908806742252913,0.6841379245203427,0.6865758360410986,0.003052892592376843,49,0.7673188365283232,0.7656859873634536,0.7704329327268848,0.7678125855395539,0.001969130710985394
43,0,100,2.7827049096425376,0.007310672246331837,0.013221422831217447,0.0012523496735434207,0.9211583986610974,2,12,100,"{'learning_rate': 0.9211583986610974, 'max_depth': 2, 'min_samples_split': 12, 'n_estimators': 100}",0.6808163262159133,0.6854931239960731,0.6774557049469246,0.6812550517196371,0.0032958950522952884,76,0.7077235402073913,0.704893858518318,0.7080046361028859,0.7068740116095317,0.0014048744722331208
44,0,100,2.8144195079803467,0.019428587096823036,0.010270118713378906,0.0010180311588845893,0.27772578409541965,2,13,100,"{'learning_rate': 0.27772578409541965, 'max_depth': 2, 'min_samples_split': 13, 'n_estimators': 100}",0.6829315886709189,0.6855843363829095,0.6798154642824654,0.6827771297787647,0.002357663319170722,69,0.6969283583601978,0.6923070605663887,0.695068765201376,0.6947680613759876,0.0018985811224383287
45,0,100,2.776496251424154,0.030386443670227716,0.010987997055053711,0.0021756824176713714,0.8423436562469343,2,2,100,"{'learning_rate': 0.8423436562469343, 'max_depth': 2, 'min_samples_split': 2, 'n_estimators': 100}",0.6792295392348884,0.6876750225174555,0.6780368503789111,0.681647137377085,0.004290079729322642,74,0.7073131965573723,0.703805621094616,0.7053835304987136,0.7055007827169008,0.0014343598964311531
46,0,100,5.384264787038167,0.04474420216898511,0.022800922393798828,0.0025774445423842217,0.8413877053361625,4,21,100,"{'learning_rate': 0.8413877053361625, 'max_depth': 4, 'min_samples_split': 21, 'n_estimators': 100}",0.6602443356597834,0.6601280317383502,0.6541687432673268,0.6581803702218201,0.002837045971551906,93,0.7824664035428603,0.7764770038110361,0.7786174787337218,0.7791869620292061,0.002478098828372368
47,0,100,6.7181440989176435,0.11973846799202371,0.021942138671875,0.0025842518815654375,0.3978267745511015,5,26,100,"{'learning_rate': 0.3978267745511015, 'max_depth': 5, 'min_samples_split': 26, 'n_estimators': 100}",0.6886360104617546,0.6938986617785297,0.6822257263900784,0.6882534662101208,0.004773126873380662,37,0.7941305868665136,0.7915925739382104,0.7928179027230952,0.7928470211759397,0.0010363439967117256
48,0,100,4.111273447672526,0.015551046696821917,0.01424098014831543,0.0008239732296366972,0.16494881083728175,3,26,100,"{'learning_rate': 0.16494881083728175, 'max_depth': 3, 'min_samples_split': 26, 'n_estimators': 100}",0.6883833262206809,0.6950277243555963,0.6902200644967516,0.6912103716910095,0.0028014922092897145,28,0.7086395741876769,0.7073541622052778,0.7084788830677589,0.7081575398202379,0.0005718491078185385
49,0,100,5.581224838892619,0.026280402469093207,0.017218510309855144,0.0006485955412777814,0.6778197586308621,5,4,100,"{'learning_rate': 0.6778197586308621, 'max_depth': 5, 'min_samples_split': 4, 'n_estimators': 100}",0.6504312538340917,0.6526484018796002,0.6355516935800833,0.6462104497645917,0.007591036333049768,95,0.8287290283967648,0.8272942223784799,0.8317559235616857,0.8292597247789768,0.0018597353484881742
50,1,200,8.187827984491983,0.04480988617245665,0.034598588943481445,0.0009229896700631798,0.07104534783730496,3,22,200,"{'learning_rate': 0.07104534783730496, 'max_depth': 3, 'min_samples_split': 22, 'n_estimators': 200}",0.6888673475003593,0.693063147167934,0.6884505558083517,0.6901270168255483,0.0020831186346821707,32,0.7066085265142038,0.703708785948354,0.7064132891781488,0.7055768672135688,0.0013233354612323766
51,1,200,5.580834786097209,0.03787837733273685,0.017435550689697266,0.0025312473832413925,0.673662894239481,2,5,200,"{'learning_rate': 0.673662894239481, 'max_depth': 2, 'min_samples_split': 5, 'n_estimators': 200}",0.6863744860166316,0.6893489975534344,0.6854904055066089,0.6870712963588916,0.0016505234797414181,46,0.7207636944931795,0.7169780416282856,0.7207477649349996,0.7194965003521548,0.0017808311160019106
52,1,200,5.509995698928833,0.0622466516914649,0.01880494753519694,0.0025072985471526338,0.5651932147162093,2,19,200,"{'learning_rate': 0.5651932147162093, 'max_depth': 2, 'min_samples_split': 19, 'n_estimators': 200}",0.687978551405075,0.6902544132072983,0.6846591768069272,0.6876307138064335,0.0022974494322009755,43,0.7183502722374683,0.7144699815521098,0.7167929357765551,0.7165377298553778,0.001594367481139542
53,1,200,8.196890751520792,0.13359431664989124,0.027801036834716797,0.0031008434487427264,0.6976342196153056,3,27,200,"{'learning_rate': 0.6976342196153056, 'max_depth': 3, 'min_samples_split': 27, 'n_estimators': 200}",0.6738491215692821,0.6843935738120963,0.6793367067206391,0.6791931340340058,0.004305951548922928,80,0.7640603129638149,0.7589213035816545,0.7631485808802188,0.7620433991418961,0.0022388128347444265
54,1,200,5.586919705073039,0.043508327847217476,0.02095492680867513,0.0005997047479870079,0.6531117943821437,2,16,200,"{'learning_rate': 0.6531117943821437, 'max_depth': 2, 'min_samples_split': 16, 'n_estimators': 200}",0.6854415294764994,0.6892130975626697,0.6865235696390346,0.6870593988927345,0.0015856683551939135,47,0.7198493872121934,0.7178107301204966,0.7191480512275749,0.7189360561867549,0.0008456701907877999
55,1,200,11.035971085230509,0.0380027175319,0.03450965881347656,0.002979736312293915,0.45615577071322644,4,2,200,"{'learning_rate': 0.45615577071322644, 'max_depth': 4, 'min_samples_split': 2, 'n_estimators': 200}",0.677164742734935,0.6831348926139558,0.6761983741627291,0.6788326698372066,0.003067605762362692,81,0.8050187725633143,0.8013810196292359,0.8036906230033691,0.8033634717319732,0.0015030153177598368
56,1,200,5.8091035683949785,0.05001568094948423,0.0245819091796875,0.004147819108705581,0.5702010684501755,2,13,200,"{'learning_rate': 0.5702010684501755, 'max_depth': 2, 'min_samples_split': 13, 'n_estimators': 200}",0.6873892693146528,0.6913832671776855,0.6878367228646027,0.6888697531189804,0.0017866856396359539,36,0.7180234042102918,0.7150386848733801,0.7175887538657415,0.7168836143164711,0.0013165747777199685
57,1,200,13.82358201344808,0.0811156587979875,0.037205139795939125,0.003925168367018285,0.4417165041396329,5,28,200,"{'learning_rate': 0.4417165041396329, 'max_depth': 5, 'min_samples_split': 28, 'n_estimators': 200}",0.6761948464460359,0.6791028053722103,0.6719601588479001,0.6757526035553821,0.002932693179037639,88,0.8393385826933901,0.8391229682250922,0.8434213099383607,0.8406276202856144,0.0019773970780854674
58,1,200,8.579519192377726,0.03754433338950418,0.025233983993530273,0.0029430996131864775,0.6048494712898485,3,2,200,"{'learning_rate': 0.6048494712898485, 'max_depth': 3, 'min_samples_split': 2, 'n_estimators': 200}",0.68237652642934,0.6857047632354583,0.6802049795409556,0.6827620897352512,0.002261769140699121,70,0.7624133692489365,0.7591373546332124,0.7619952796717877,0.7611820011846455,0.0014558237905840353
59,1,200,8.46218744913737,0.019862313745552702,0.03384566307067871,0.0013467909525783197,0.6563330261693787,3,7,200,"{'learning_rate': 0.6563330261693787, 'max_depth': 3, 'min_samples_split': 7, 'n_estimators': 200}",0.6780354031265703,0.6871083943249523,0.6769647724169809,0.6807028566228345,0.004550439353807371,78,0.7637440202329946,0.7597902603499909,0.7651671268812403,0.7629004691547419,0.0022746951795692824
60,1,200,11.593544324239096,0.057447281089457174,0.033815463383992515,0.003952567299532676,0.5089738709774078,4,11,200,"{'learning_rate': 0.5089738709774078, 'max_depth': 4, 'min_samples_split': 11, 'n_estimators': 200}",0.6774950004373532,0.6833189986595204,0.6753550337642091,0.6787230109536943,0.0033652331850478195,82,0.8070620864667208,0.8026194613608302,0.8058268335387293,0.8051694604554268,0.0018723130055024653
61,1,200,9.492796579996744,0.08774030735534337,0.029020388921101887,0.0024912093015174346,0.5488180157922855,3,2,200,"{'learning_rate': 0.5488180157922855, 'max_depth': 3, 'min_samples_split': 2, 'n_estimators': 200}",0.6814184131593934,0.6875970205382151,0.6823086977551929,0.6837747104842672,0.0027271098592665647,66,0.758069683931469,0.7577065124244196,0.7597179984332029,0.7584980649296972,0.0008752720341375617
62,1,200,14.444188992182413,0.07206886048285523,0.04356519381205241,0.0022342040591639407,0.35945086952468186,5,4,200,"{'learning_rate': 0.35945086952468186, 'max_depth': 5, 'min_samples_split': 4, 'n_estimators': 200}",0.6798549995478271,0.6820117513201649,0.6708846603226537,0.6775838037302152,0.004818145310398802,86,0.8455611298846558,0.8424809710537703,0.846396695524445,0.8448129321542903,0.0016838595379569984
63,1,200,13.716039419174194,0.056639120181844596,0.04043769836425781,0.0005257300325825735,0.3978267745511015,5,26,200,"{'learning_rate': 0.3978267745511015, 'max_depth': 5, 'min_samples_split': 26, 'n_estimators': 200}",0.6776772560064186,0.6866269239287146,0.6712224405361256,0.6785088734904196,0.006316286771931221,83,0.8358808787728775,0.8341216961745327,0.8361957829497682,0.8353994526323928,0.0009126106633748353
64,1,200,8.243804772694906,0.08471123186008625,0.027479887008666992,0.001655598126591627,0.5680488806483214,3,27,200,"{'learning_rate': 0.5680488806483214, 'max_depth': 3, 'min_samples_split': 27, 'n_estimators': 200}",0.686723268775852,0.6903926356268054,0.6825376479931565,0.6865511841319379,0.0032090930727852597,50,0.7589925315927177,0.7554320560248272,0.7585336695748905,0.7576527523974784,0.0015814039906532499
65,1,200,11.138130346934,0.1264330798586582,0.030896663665771484,0.0026098109736889313,0.4375928353905799,4,26,200,"{'learning_rate': 0.4375928353905799, 'max_depth': 4, 'min_samples_split': 26, 'n_estimators': 200}",0.6839174707916413,0.6911121372313145,0.6843326145791306,0.6864540742006954,0.003298105465161004,52,0.7942979518965517,0.7934780285142925,0.795509645544296,0.7944285419850466,0.0008345287163263494
66,1,200,8.413808266321817,0.031818616715594224,0.028035720189412434,0.005027822212764517,0.1589779939496833,3,23,200,"{'learning_rate': 0.1589779939496833, 'max_depth': 3, 'min_samples_split': 23, 'n_estimators': 200}",0.6937108631831744,0.6991993415305062,0.6932480201995914,0.6953860749710907,0.002702999235014146,17,0.7236508879140464,0.7216283557440266,0.7227991508325873,0.7226927981635534,0.0008291128842922874
67,1,200,8.103346427281698,0.0538772192073903,0.02434961001078288,0.0008771766838501199,0.16494881083728175,3,26,200,"{'learning_rate': 0.16494881083728175, 'max_depth': 3, 'min_samples_split': 26, 'n_estimators': 200}",0.6929789361052106,0.6986886063897051,0.6957288127786077,0.6957987850911745,0.0023314881918071765,14,0.724424020966969,0.7212601201509623,0.7246368603871405,0.723440333835024,0.0015440906570582595
68,1,200,8.26097559928894,0.03159303669841553,0.02399603525797526,0.003381090466353565,0.4686565151356851,3,18,200,"{'learning_rate': 0.4686565151356851, 'max_depth': 3, 'min_samples_split': 18, 'n_estimators': 200}",0.6882208136882584,0.6927978321197164,0.6912067136218382,0.6907417864766043,0.001897259843082118,31,0.7527482178933426,0.7503853509962928,0.7523191547531238,0.7518175745475864,0.0010277717062440333
69,1,200,8.26977531115214,0.026758248575278816,0.02432870864868164,0.0033547875300186263,0.42366056279091135,3,20,200,"{'learning_rate': 0.42366056279091135, 'max_depth': 3, 'min_samples_split': 20, 'n_estimators': 200}",0.6887701153367322,0.6948385549670124,0.6919379081923169,0.6918488594986872,0.0024782301667341635,25,0.7514210396074464,0.7470483391133977,0.7506888723759833,0.7497194170322757,0.0019122430372463322
70,1,200,8.269711971282959,0.07442350780449032,0.027339458465576172,0.0022981703207122675,0.31543519664067465,3,14,200,"{'learning_rate': 0.31543519664067465, 'max_depth': 3, 'min_samples_split': 14, 'n_estimators': 200}",0.6926105612696242,0.7007842218815195,0.6948765890668751,0.6960904574060063,0.003445508110392509,13,0.74304501727503,0.7391991416863213,0.7430145192127182,0.7417528927246898,0.0018058176001334444
71,1,200,13.93292729059855,0.04352082297339058,0.04496995608011881,0.001604951357714644,0.2645629665485059,5,20,200,"{'learning_rate': 0.2645629665485059, 'max_depth': 5, 'min_samples_split': 20, 'n_estimators': 200}",0.6901260255350147,0.6978715681401686,0.6886520199576907,0.6922165378776247,0.004043735777983155,24,0.8147451812476936,0.8116923789211625,0.8143359822824603,0.8135911808171055,0.0013530083587606704
72,1,200,14.08044958114624,0.045141011570897505,0.04018878936767578,0.004279922086380442,0.2103904572482302,5,2,200,"{'learning_rate': 0.2103904572482302, 'max_depth': 5, 'min_samples_split': 2, 'n_estimators': 200}",0.6949065103016672,0.6984658632473382,0.6936174709611392,0.6956632815033815,0.0020504071025085843,15,0.8088926887948016,0.8094997315169958,0.8115634475615479,0.8099852892911151,0.001143113543950251
73,1,200,13.812914292017618,0.05818249124711102,0.03647732734680176,0.0036233957845280638,0.20888466732727376,5,14,200,"{'learning_rate': 0.20888466732727376, 'max_depth': 5, 'min_samples_split': 14, 'n_estimators': 200}",0.6944954946102526,0.7033297913738457,0.6932338895648478,0.697019725182982,0.0044915189206962075,11,0.8033126431618196,0.801347191113825,0.8036767697634931,0.8027788680130459,0.001023204477229467
74,1,200,13.793891747792562,0.06868764498922122,0.03280830383300781,0.0012396122903010711,0.14336185387617234,5,2,200,"{'learning_rate': 0.14336185387617234, 'max_depth': 5, 'min_samples_split': 2, 'n_estimators': 200}",0.696217612800865,0.7035568957478372,0.699354336523223,0.6997096150239751,0.003006763005154836,2,0.7878509614080188,0.7848961885835406,0.7886951400336117,0.7871474300083904,0.0016287470343174335
75,2,400,11.054524103800455,0.05122368108581029,0.036681572596232094,0.002418910042774647,0.673662894239481,2,5,400,"{'learning_rate': 0.673662894239481, 'max_depth': 2, 'min_samples_split': 5, 'n_estimators': 400}",0.6867213851756994,0.689553507002053,0.6845691568891998,0.6869480163556507,0.0020411529063529095,48,0.7373019011688111,0.733376821318746,0.7376324506152461,0.7361037243676011,0.0019329279884027018
76,2,400,11.01005736986796,0.12323370756968689,0.04249095916748047,0.0010156159658621954,0.5651932147162093,2,19,400,"{'learning_rate': 0.5651932147162093, 'max_depth': 2, 'min_samples_split': 19, 'n_estimators': 400}",0.6882048655603877,0.6902154512562169,0.6861327228474003,0.6881843465546683,0.001666830042773037,38,0.7347893411551742,0.7305302259640066,0.7339118520874062,0.733077139735529,0.001836223313523514
77,2,400,10.985454003016153,0.024690734537434936,0.03281267484029134,0.0027687694386454072,0.5702010684501755,2,13,400,"{'learning_rate': 0.5702010684501755, 'max_depth': 2, 'min_samples_split': 13, 'n_estimators': 400}",0.6870504421932464,0.691819525410849,0.6885232085666676,0.6891310587235876,0.001993848881611565,35,0.7338485757022252,0.730344589239046,0.7337945748535399,0.7326625799316037,0.001639215190470285
78,2,400,16.407374143600464,0.12054061931209531,0.05841787656148275,0.002443187021434803,0.07104534783730496,3,22,400,"{'learning_rate': 0.07104534783730496, 'max_depth': 3, 'min_samples_split': 22, 'n_estimators': 400}",0.6929687890714623,0.6989370454726505,0.6935746805008478,0.6951601716816537,0.002682083497443774,18,0.7200719830369728,0.7181058413174626,0.720471702486803,0.7195498422804129,0.0010340206301597827
79,2,400,16.44422698020935,0.1039633594056247,0.049430290857950844,0.00435324903537705,0.4686565151356851,3,18,400,"{'learning_rate': 0.4686565151356851, 'max_depth': 3, 'min_samples_split': 18, 'n_estimators': 400}",0.6826341985594726,0.6886414241778263,0.6830553739765564,0.6847769989046184,0.0027379656927659013,61,0.7820254163585091,0.7798940833721917,0.7825477752999814,0.7814890916768942,0.0011478249968196966
80,2,400,16.929399331410725,0.06478695669713072,0.04712804158528646,0.005294579093038951,0.42366056279091135,3,20,400,"{'learning_rate': 0.42366056279091135, 'max_depth': 3, 'min_samples_split': 20, 'n_estimators': 400}",0.684754354749871,0.6917918317689241,0.6875614924758776,0.6880358929982243,0.002892555109256315,40,0.7794979337396968,0.7753651361870358,0.7793067272597626,0.7780565990621651,0.0019047518273415326
81,2,400,28.322641293207806,0.18956403585829998,0.09096948305765788,0.005431479778650718,0.2645629665485059,5,20,400,"{'learning_rate': 0.2645629665485059, 'max_depth': 5, 'min_samples_split': 20, 'n_estimators': 400}",0.6807912411421475,0.6901064876199586,0.6756619381222364,0.6821865556281143,0.005978931311089977,72,0.8642225121329293,0.8614694635740803,0.8643685916297006,0.8633535224455701,0.001333564941119298
82,2,400,16.865429719289143,0.020086265666544933,0.04827737808227539,0.008637567599184137,0.1589779939496833,3,23,400,"{'learning_rate': 0.1589779939496833, 'max_depth': 3, 'min_samples_split': 23, 'n_estimators': 400}",0.6949265021141227,0.7015399492714585,0.6964287039488946,0.6976317184448252,0.0028307659427303125,8,0.7419752371203455,0.7399610817437267,0.7431902871771603,0.7417088686804109,0.001331704682521432
83,2,400,31.357852538426716,0.1044819259149033,0.0865330696105957,0.0009709508159578596,0.2103904572482302,5,2,400,"{'learning_rate': 0.2103904572482302, 'max_depth': 5, 'min_samples_split': 2, 'n_estimators': 400}",0.6865314192625482,0.6910696041563943,0.6838788006471994,0.6871599413553806,0.0029690844596548796,45,0.8620430644385237,0.8591430360069156,0.8601450023944275,0.8604437009466223,0.001202624032368778
84,2,400,19.60313089688619,0.051245608655503455,0.05257741610209147,0.002914978144884144,0.16494881083728175,3,26,400,"{'learning_rate': 0.16494881083728175, 'max_depth': 3, 'min_samples_split': 26, 'n_estimators': 400}",0.6952916117157932,0.701388206096121,0.6982017889905825,0.6982938689341656,0.002489775732412941,6,0.7437066201507079,0.7405656145526542,0.7444533625671512,0.7429085324235044,0.0016845086665040463
85,2,400,18.925631920496624,0.16089400522276723,0.06068897247314453,0.0007370201519546631,0.31543519664067465,3,14,400,"{'learning_rate': 0.31543519664067465, 'max_depth': 3, 'min_samples_split': 14, 'n_estimators': 400}",0.6919253683079876,0.6977361989295567,0.6905961186944838,0.6934192286440094,0.003100419376845035,21,0.7681725730269514,0.765744073024077,0.7687354409412037,0.7675506956640774,0.0012979776820744788
86,2,400,30.87979022661845,0.12621730495284084,0.07958388328552246,0.008816227790472992,0.20888466732727376,5,14,400,"{'learning_rate': 0.20888466732727376, 'max_depth': 5, 'min_samples_split': 14, 'n_estimators': 400}",0.6887079507434809,0.697064368966813,0.6844654049445517,0.6900792415516152,0.005234106257290679,33,0.8514990219171737,0.8478455564211839,0.8517173401692837,0.8503539728358804,0.00177595615504071
87,2,400,27.58592462539673,0.10126257772325996,0.06533233324686687,0.000405382745392479,0.14336185387617234,5,2,400,"{'learning_rate': 0.14336185387617234, 'max_depth': 5, 'min_samples_split': 2, 'n_estimators': 400}",0.6926189365736464,0.7009614898384874,0.6928533155755565,0.6954779139958968,0.003878654096050736,16,0.8322438949999968,0.8301244524453755,0.8317062855550024,0.8313582110001249,0.0008995836471760545
88,3,800,26.418797254562378,0.16513643740740405,0.07781449953715007,0.006927328552518813,0.5702010684501755,2,13,800,"{'learning_rate': 0.5702010684501755, 'max_depth': 2, 'min_samples_split': 13, 'n_estimators': 800}",0.6852644022913827,0.6910772426111202,0.6859097498293926,0.6874171315772984,0.002601464708727437,44,0.7519662196503121,0.7483099531329951,0.7520468097203595,0.7507743275012223,0.0017428863913881028
89,3,800,64.47559801737468,0.35844983065355185,0.21220811208089194,0.018274892037499935,0.20888466732727376,5,14,800,"{'learning_rate': 0.20888466732727376, 'max_depth': 5, 'min_samples_split': 14, 'n_estimators': 800}",0.6765967138045645,0.6833267111708822,0.6714896778853037,0.6771377009535834,0.004847565682726817,87,0.9054646929485359,0.9017112720143028,0.9052771761594786,0.9041510470407724,0.0017268791255486077
90,3,800,40.23043735822042,0.1116759568043273,0.11692420641581218,0.009190425721274589,0.31543519664067465,3,14,800,"{'learning_rate': 0.31543519664067465, 'max_depth': 3, 'min_samples_split': 14, 'n_estimators': 800}",0.6880576027383178,0.6920265358104938,0.6837051042973201,0.6879297476153772,0.003398412943954529,41,0.8000422408023609,0.7987861370928,0.8013905089357197,0.8000729622769601,0.0010634522496095577
91,3,800,38.755997021993004,0.18682775979648347,0.11521498362223308,0.008363479808007944,0.07104534783730496,3,22,800,"{'learning_rate': 0.07104534783730496, 'max_depth': 3, 'min_samples_split': 22, 'n_estimators': 800}",0.6950667327133235,0.7020692084040756,0.6973419245664576,0.6981592885612855,0.002916588117981271,7,0.7382779853077598,0.7359190481801174,0.7389120235256382,0.7377030190045052,0.0012877409268773864
92,3,800,62.95430453618368,0.08880806757470838,0.16953134536743164,0.008328517477860842,0.14336185387617234,5,2,800,"{'learning_rate': 0.14336185387617234, 'max_depth': 5, 'min_samples_split': 2, 'n_estimators': 800}",0.6830728358630928,0.6921992328253637,0.6834499538241727,0.6862406741708765,0.004216149144924093,53,0.8844132390522712,0.8844438963439516,0.8837949246777231,0.884217353357982,0.0002989642785932958
93,3,800,37.912134329477944,0.13700306869326342,0.09685730934143066,0.009460914153597275,0.1589779939496833,3,23,800,"{'learning_rate': 0.1589779939496833, 'max_depth': 3, 'min_samples_split': 23, 'n_estimators': 800}",0.6956123368820841,0.7010123015203662,0.6945700593572542,0.6970648992532348,0.002823481787156492,10,0.7675005230364872,0.7653873300786578,0.7676192110831069,0.7668356880660839,0.0010252893438467449
94,3,800,31.363383928934734,0.08210487557256604,0.0806879202524821,0.00029194004266062473,0.16494881083728175,3,26,800,"{'learning_rate': 0.16494881083728175, 'max_depth': 3, 'min_samples_split': 26, 'n_estimators': 800}",0.6940421832673493,0.7012747358153164,0.696283485310983,0.697200134797883,0.0030229829419688072,9,0.7688552162406935,0.7663578158444659,0.7698572919937183,0.7683567746929594,0.0014714882063583065
95,4,1600,76.04259689648946,0.2871212899059221,0.2173276742299398,0.002745528098484928,0.31543519664067465,3,14,1600,"{'learning_rate': 0.31543519664067465, 'max_depth': 3, 'min_samples_split': 14, 'n_estimators': 1600}",0.6763062532725513,0.6833570244096605,0.6732498400814741,0.6776377059212285,0.004232286094436148,85,0.8377139333827971,0.836250738643156,0.8391591786865595,0.8377079502375042,0.0011873732128916494
96,4,1600,75.93735639254253,0.166399920523925,0.21222209930419922,0.003039435328969728,0.1589779939496833,3,23,1600,"{'learning_rate': 0.1589779939496833, 'max_depth': 3, 'min_samples_split': 23, 'n_estimators': 1600}",0.6901189521365618,0.6972712199238547,0.6893737922564327,0.6922546547722831,0.0035602678037576934,23,0.7984787248108596,0.7969711148116535,0.7991621295197754,0.7982039897140961,0.0009153308665347236
97,4,1600,76.96912701924641,0.28013031756520523,0.2922976016998291,0.048058102588231295,0.16494881083728175,3,26,1600,"{'learning_rate': 0.16494881083728175, 'max_depth': 3, 'min_samples_split': 26, 'n_estimators': 1600}",0.6897295551651862,0.6968695142680665,0.6878324087036642,0.6914771593789725,0.003890836209314565,26,0.7994014195280952,0.7975943453062377,0.8011290359138645,0.7993749335827326,0.0014431529260355784
98,4,1600,77.21350073814392,0.2025221810006569,0.23870007197062174,0.05107841736918935,0.07104534783730496,3,22,1600,"{'learning_rate': 0.07104534783730496, 'max_depth': 3, 'min_samples_split': 22, 'n_estimators': 1600}",0.6956637546013346,0.7036857438143211,0.6960762405607999,0.6984752463254852,0.003688224435286201,5,0.7612797826428356,0.7600996151360313,0.7625760806020245,0.7613184927936304,0.0010113832632901618
99,5,3200,161.39728999137878,0.6585033464137072,0.3923383553822835,0.037062904223061896,0.1589779939496833,3,23,3200,"{'learning_rate': 0.1589779939496833, 'max_depth': 3, 'min_samples_split': 23, 'n_estimators': 3200}",0.6806442468753815,0.6887754072750931,0.6776853020950556,0.6823683187485101,0.004688775681977722,71,0.8355017638149547,0.8342368794829151,0.8367665564799236,0.8355017332592644,0.0010327363096804749
100,5,3200,161.2513309319814,0.5180822933769155,0.3997701009114583,0.024991980888023225,0.07104534783730496,3,22,3200,"{'learning_rate': 0.07104534783730496, 'max_depth': 3, 'min_samples_split': 22, 'n_estimators': 3200}",0.6925332034338876,0.7009341914213373,0.6914495785688017,0.6949723244746755,0.004238824823724259,19,0.7915136370556901,0.7906565705086648,0.793020425381832,0.7917302109820623,0.0009771150271888336
